{"fieldOfView":60.0,"targetDistance":9.539999961853028,"cameraHeight":3.0999999046325685,"lookAtHeight":1.2999999523162842,"nearClipping":0.30000001192092898,"farClipping":1000.0}