{"fieldOfView":60.0,"targetDistance":6.099999904632568,"cameraHeight":3.5,"lookAtHeight":0.0,"nearClipping":0.30000001192092898,"farClipping":1000.0}