{"fieldOfView":60.0,"targetDistance":5.0,"cameraHeight":8.899999618530274,"lookAtHeight":5.199999809265137,"nearClipping":5.0,"farClipping":400.0}