{"fieldOfView":60.0,"targetDistance":5.880000114440918,"cameraHeight":4.0,"lookAtHeight":0.699999988079071}